{"cameraMode":{"drawMode":0,"name":"Shaded","section":"Shading Mode"},"sceneLighting":true,"audioPlay":false,"sceneViewState":{"showFog":true,"showMaterialUpdate":false,"showSkybox":true,"showFlares":true,"showImageEffects":true,"showParticleSystems":true},"in2DMode":false,"pivot":{"x":-190.0260467529297,"y":-61.22673797607422,"z":44.10274887084961},"rotation":{"x":-0.12104637920856476,"y":0.61209636926651,"z":-0.09551838785409928,"w":-0.7756248116493225},"size":107.48353576660156,"orthographic":false}